{
    "id": "expanded-powers",
    "name": "succ.ENHANCED_CONDITIONS.DefaultConditionsMenu.Groups.ExpandedPowersN",
    "description": "succ.ENHANCED_CONDITIONS.DefaultConditionsMenu.Groups.ExpandedPowersD",
    "sortOrder": 40,
    "enabledByDefault": false,
    "canBeDisabled": true,
    "conditions": [
        "arcane-protection",
        "burrow",
        "confusion",
        "damage-field",
        "deflection",
        "elemental-manipulation",
        "growth",
        "intangibility",
        "numb",
        "puppet",
        "shrink",
        "silence",
        "sloth",
        "slumber",
        "speed",
        "wall-walker",
        "warriors-gift"
    ]
}