{
    "id": "expanded-powers",
    "name": "succ.ENHANCED_CONDITIONS.DefaultConditionsMenu.Groups.ExpandedPowersN",
    "description": "succ.ENHANCED_CONDITIONS.DefaultConditionsMenu.Groups.ExpandedPowersD",
    "sortOrder": 40,
    "canBeDisabled": true,
    "conditions": [
        {"id":"arcane-protection", "enabledByDefault": false},
        {"id":"burrow", "enabledByDefault": false},
        {"id":"confusion", "enabledByDefault": false},
        {"id":"damage-field", "enabledByDefault": false},
        {"id":"deflection", "enabledByDefault": false},
        {"id":"elemental-manipulation", "enabledByDefault": false},
        {"id":"environmental-protection", "enabledByDefault": false},
        {"id":"growth", "enabledByDefault": false},
        {"id":"intangibility", "enabledByDefault": false},
        {"id":"numb", "enabledByDefault": false},
        {"id":"puppet", "enabledByDefault": false},
        {"id":"shape-change", "enabledByDefault": false},
        {"id":"shrink", "enabledByDefault": false},
        {"id":"silence", "enabledByDefault": false},
        {"id":"sloth", "enabledByDefault": false},
        {"id":"slumber", "enabledByDefault": false},
        {"id":"speed", "enabledByDefault": false},
        {"id":"wall-walker", "enabledByDefault": false},
        {"id":"warriors-gift", "enabledByDefault": false}
    ]
}