{
    "id": "generic",
    "name": "succ.ENHANCED_CONDITIONS.DefaultConditionsMenu.Groups.GenericN",
    "description": "succ.ENHANCED_CONDITIONS.DefaultConditionsMenu.Groups.GenericD",
    "sortOrder": 100,
    "canBeDisabled": true,
    "conditions": [
        {"id":"generic-plus", "enabledByDefault": false},
        {"id":"generic-minus", "enabledByDefault": false},
        {"id":"generic-red", "enabledByDefault": false},
        {"id":"generic-green", "enabledByDefault": false},
        {"id":"generic-blue", "enabledByDefault": false},
        {"id":"generic-yellow", "enabledByDefault": false},
        {"id":"generic-black", "enabledByDefault": false},
        {"id":"generic-white", "enabledByDefault": false}
    ]
}