{
    "id": "uncommon-conditions",
    "name": "succ.ENHANCED_CONDITIONS.DefaultConditionsMenu.Groups.UncommonN",
    "description": "succ.ENHANCED_CONDITIONS.DefaultConditionsMenu.Groups.UncommonD",
    "sortOrder": 20,
    "canBeDisabled": true,
    "conditions": [
        {"id":"berserk", "enabledByDefault": true},
        {"id":"blind", "enabledByDefault": true},
        {"id":"boost", "enabledByDefault": true},
        {"id":"frightened", "enabledByDefault": true},
        {"id":"invisible", "enabledByDefault": true},
        {"id":"lower", "enabledByDefault": true},
        {"id":"poisoned", "enabledByDefault": true},
        {"id":"protection", "enabledByDefault": true},
        {"id":"smite", "enabledByDefault": true}
    ]
}