{
    "id": "rare-conditions",
    "name": "succ.ENHANCED_CONDITIONS.DefaultConditionsMenu.Groups.RareN",
    "description": "succ.ENHANCED_CONDITIONS.DefaultConditionsMenu.Groups.RareD",
    "sortOrder": 30,
    "canBeDisabled": true,
    "conditions": [
        {"id":"cold-bodied", "enabledByDefault": true},
        {"id":"cover", "enabledByDefault": true},
        {"id":"cover-shield", "enabledByDefault": true},
        {"id":"diseased", "enabledByDefault": true},
        {"id":"encumbered", "enabledByDefault": true},
        {"id":"heart-attack", "enabledByDefault": true},
        {"id":"on-fire", "enabledByDefault": true},
        {"id":"reach", "enabledByDefault": true},
        {"id":"the-drop", "enabledByDefault": false},
        {"id":"torch", "enabledByDefault": true}
    ]
}