{
    "id": "common-conditions",
    "name": "succ.ENHANCED_CONDITIONS.DefaultConditionsMenu.Groups.CommonN",
    "description": "succ.ENHANCED_CONDITIONS.DefaultConditionsMenu.Groups.CommonD",
    "sortOrder": 10,
    "canBeDisabled": true,
    "conditions": [
        {"id":"aiming", "enabledByDefault": true},
        {"id":"conviction", "enabledByDefault": true},
        {"id":"defending", "enabledByDefault": true},
        {"id":"flying", "enabledByDefault": true},
        {"id":"wild-attack", "enabledByDefault": true}
    ]
}