{
	"name": "succ",
	"title": "SWADE Ultimate Condition Changer",
	"description": "<p>A module to change status icons in the SWADE system on Foundry VTT.</p><p><a href='https://ko-fi.com/salieric'>Please consider donating.</a></p>",
	"minimumCoreVersion": "9.249",
	"compatibleCoreVersion": "9.269",
	"version": "0.1.0-pre.8",
	"author": "SalieriC, Javier Rivera",
	"dependencies": [
		{
		  "name": "swade",
		  "type": "system"
		}
	],
	"languages": [
		{
			"lang": "en",
			"name": "English",
			"path": "lang/en.json"
		},
		{
			"lang": "de",
			"name": "Deutsch",
			"path": "lang/de.json"
		}
	],
	"systems": ["swade"],
	"esmodules": ["./scripts/init.js"],
	"scripts": [
		"./scripts/succ-class.js"
	],
	"styles": ["./styles/succ-styles.css"],
	"url": "https://github.com/SalieriC/SUCC",
	"manifest": "https://raw.githubusercontent.com/SalieriC/SUCC/main/succ/module.json",
	"download": "https://github.com/SalieriC/SUCC/blob/main/succ.zip?raw=true"
}
