{
    "module":"swpf-core-rules",
    "priority": 20,
    "map":[
        {
            "id": "shaken",
            "referenceId": "@UUID[Compendium.swpf-core-rules.swpf-rules.swpfcore03rules0.JournalEntryPage.03combat00000000#damage-effects]"
        },
        {
            "id": "incapacitated",
            "referenceId": "@UUID[Compendium.swpf-core-rules.swpf-rules.swpfcore03rules0.JournalEntryPage.03combat00000000#incapacitation]"
        },
        {
            "id": "dead",
            "referenceId": "@UUID[Compendium.swpf-core-rules.swpf-rules.swpfcore03rules0.JournalEntryPage.03combat00000000#incapacitation]"
        },
        {
            "id": "aiming",
            "referenceId": "@UUID[Compendium.swpf-core-rules.swpf-rules.swpfcore03rules0.JournalEntryPage.03situationalr00#aim]"
        },
        {
            "id": "berserk",
            "name":"ENHANCED_CONDITIONS.Condition.Rage",
            "referenceId": "@UUID[Compendium.swpf-core-rules.swpf-rules.swpfcore01charac.JournalEntryPage.01edges000000000#barbarian]",
            "ignoreSystemSettings": true,
            "activeEffect": {
                "flags": {
                    "swade": {
                        "expiration": 3
                    }
                },
                "duration": {
                    "rounds": 5
                },
                "changes": [
                    {
                        "key": "system.attributes.strength.die.sides",
                        "value": "2",
                        "mode": 2
                    },
                    {
                        "key": "system.wounds.ignored",
                        "value": "2",
                        "mode": 2
                    },
                    {
                        "key": "system.fatigue.ignored",
                        "value": "3",
                        "mode": 2
                    }
]
            }
        },
        {
            "id": "wild-attack",
            "referenceId": "@UUID[Compendium.swpf-core-rules.swpf-rules.JournalEntry.swpfcore03rules0.JournalEntryPage.03situationalr00#wild-attack]{SWADE.WildAttack}"
        },
        {
            "id": "defending",
            "referenceId": "@UUID[Compendium.swpf-core-rules.swpf-rules.swpfcore03rules0.JournalEntryPage.03situationalr00#defend]"
        },
        {
            "id": "flying",
            "referenceId": "@UUID[Compendium.swpf-core-rules.swpf-abilities.lZVhdNhW8bG0GcVz]"
        },
        {
            "id": "holding",
            "referenceId": "@UUID[Compendium.swpf-core-rules.swpf-rules.swpfcore03rules0.JournalEntryPage.03situationalr00#hold]{SWADE.Hold}"
        },
        {
            "id": "conviction",
            "referenceId": "@UUID[Compendium.swpf-core-rules.swpf-rules.swpfcore03rules0.JournalEntryPage.03rules000000000#conviction]"
        },
        {
            "id": "bound",
            "referenceId": "@UUID[Compendium.swpf-core-rules.swpf-rules.swpfcore03rules0.JournalEntryPage.03situationalr00#bound-and-entangled]{SWADE.Bound}"
        },
        {
            "id": "entangled",
            "referenceId": "@UUID[Compendium.swpf-core-rules.swpf-rules.swpfcore03rules0.JournalEntryPage.03situationalr00#bound-and-entangled]"
        },
        {
            "id": "frightened",
            "referenceId": "@UUID[Compendium.swpf-core-rules.swpf-rules.swpfcore04theadv.JournalEntryPage.04fear0000000000]"
        },
        {
            "id": "distracted",
            "referenceId": "@UUID[Compendium.swpf-core-rules.swpf-rules.swpfcore03rules0.JournalEntryPage.03situationalr00#distracted-and-vulnerable]"
        },
        {
            "id": "vulnerable",
            "referenceId": "@UUID[Compendium.swpf-core-rules.swpf-rules.swpfcore03rules0.JournalEntryPage.03situationalr00#distracted-and-vulnerable]"
        },
        {
            "id": "the-drop",
            "referenceId": "@UUID[Compendium.swpf-core-rules.swpf-rules.swpfcore03rules0.JournalEntryPage.03situationalr00#the-drop]"
        },
        {
            "id": "stunned",
            "referenceId": "@UUID[Compendium.swpf-core-rules.swpf-rules.swpfcore03rules0.JournalEntryPage.03situationalr00#stunned]"
        },
        {
            "id": "prone",
            "referenceId": "@UUID[Compendium.swpf-core-rules.swpf-rules.swpfcore03rules0.JournalEntryPage.03situationalr00#prone]"
        },
        {
            "id": "encumbered",
            "referenceId": "@UUID[Compendium.swpf-core-rules.swpf-rules.swpfcore02gear00.JournalEntryPage.02gear0000000000#encumbrance]"
        },
        {
            "id": "bleeding-out",
            "referenceId": "@UUID[Compendium.swpf-core-rules.swpf-rules.swpfcore03rules0.JournalEntryPage.03combat00000000#incapacitation]"
        },
        {
            "id": "diseased",
            "referenceId": "@UUID[Compendium.swpf-core-rules.swpf-rules.swpfcore04theadv.JournalEntryPage.04hazards0000000#disease]"
        },
        {
            "id": "heart-attack",
            "referenceId": "@UUID[Compendium.swpf-core-rules.swpf-rules.swpfcore04theadv.JournalEntryPage.04fear0000000000]"
        },
        {
            "id": "on-fire",
            "referenceId": "@UUID[Compendium.swpf-core-rules.swpf-rules.swpfcore04theadv.JournalEntryPage.04hazards0000000#fire]"
        },
        {
            "id": "poisoned",
            "referenceId": "@UUID[Compendium.swpf-core-rules.swpf-rules.swpfcore04theadv.JournalEntryPage.04hazards0000000#poison]"
        },
        {
            "id": "cover-shield",
            "referenceId": "@UUID[Compendium.swpf-core-rules.swpf-rules.swpfcore02gear00.JournalEntryPage.02armor000000000]"
        },
        {
            "id": "cover",
            "referenceId": "@UUID[Compendium.swpf-core-rules.swpf-rules.swpfcore03rules0.JournalEntryPage.03situationalr00#cover-and-obstacles]"
        },
        {
            "id": "reach",
            "referenceId": "@UUID[Compendium.swpf-core-rules.swpf-rules.swpfcore02gear00.JournalEntryPage.02gear0000000000#reach]"
        },
        {
            "id": "torch",
            "referenceId": "@UUID[Compendium.swpf-core-rules.swpf-rules.swpfcore03rules0.JournalEntryPage.03situationalr00#illumination]"
        },
        {
            "id": "invisible",
            "referenceId": "@UUID[Compendium.swpf-core-rules.swpf-powers.FKymxmrz9ugwfFmb]"
        },
        {
            "id": "blind",
            "referenceId": "@UUID[Compendium.swpf-core-rules.swpf-powers.1ADFXsMDSllGFkm0]"
        },
        {
            "id": "smite",
            "referenceId": "@UUID[Compendium.swpf-core-rules.swpf-powers.LiY5yCQkOOKz9T2L]"
        },
        {
            "id": "protection",
            "referenceId": "@UUID[Compendium.swpf-core-rules.swpf-powers.4yGOUiND8lW5cKly]"
        },
        {
            "id": "deflection",
            "referenceId": "@UUID[Compendium.swpf-core-rules.swpf-powers.Item.p0sK0KYfyvGFNLNt]"
        },
        {
            "id": "boost",
            "referenceId": "@UUID[Compendium.swpf-core-rules.swpf-powers.hBfpNdcd1WBsszu3]"
        },
        {
            "id": "lower",
            "referenceId": "@UUID[Compendium.swpf-core-rules.swpf-powers.hBfpNdcd1WBsszu3]"
        },
        {
            "id": "arcane-protection",
            "referenceId": "@UUID[Compendium.swpf-core-rules.swpf-powers.Item.0idlYkwVS0ox5btN]"
        },
        {
            "id": "burrow",
            "referenceId": "@UUID[Compendium.swpf-core-rules.swpf-powers.Item.jGCxdBPUHrSSrucJ]"
        },
        {
            "id": "confusion",
            "referenceId": "@UUID[Compendium.swpf-core-rules.swpf-powers.Item.NcavHBzJumgMHxM7]"
        },
        {
            "id": "damage-field",
            "referenceId": "@UUID[Compendium.swpf-core-rules.swpf-powers.Item.7uPe9UrDU7avRRmL]"
        },
        {
            "id": "elemental-manipulation",
            "referenceId": "@UUID[Compendium.swpf-core-rules.swpf-powers.Item.7cxfDDvXQDGYAkkl]"
        },
        {
            "id": "environmental-protection",
            "referenceId": "@UUID[Compendium.swpf-core-rules.swpf-powers.Item.1RNsGDWnX19ZfXp8]"
        },
        {
            "id": "growth",
            "referenceId": "@UUID[Compendium.swpf-core-rules.swpf-powers.Item.4vBy88UUWVWcznLK]"
        },
        {
            "id": "shrink",
            "referenceId": "@UUID[Compendium.swpf-core-rules.swpf-powers.Item.4vBy88UUWVWcznLK]"
        },
        {
            "id": "intangibility",
            "referenceId": "@UUID[Compendium.swpf-core-rules.swpf-powers.Item.AgUCaU5zt9HObJ1b]"
        },
        {
            "id": "puppet",
            "referenceId": "@UUID[Compendium.swpf-core-rules.swpf-powers.Item.PnGRHCnAZMrXtPp6]"
        },
        {
            "id": "numb",
            "referenceId": "@UUID[Compendium.swpf-core-rules.swpf-powers.Item.ofPZhobIeHJ6CU8W]"
        },
        {
            "id": "sloth",
            "referenceId": "@UUID[Compendium.swpf-core-rules.swpf-powers.Item.GeDnFT7We5cDDrJd]"
        },
        {
            "id": "speed",
            "referenceId": "@UUID[Compendium.swpf-core-rules.swpf-powers.Item.GeDnFT7We5cDDrJd]"
        },
        {
            "id": "slumber",
            "referenceId": "@UUID[Compendium.swpf-core-rules.swpf-powers.Item.uu29DfNqynLCMkRF]"
        },
        {
            "id": "silence",
            "referenceId": "@UUID[Compendium.swpf-core-rules.swpf-powers.Item.KiXr9uwOkAM54cPO]"
        },
        {
            "id": "wall-walker",
            "referenceId": "@UUID[Compendium.swpf-core-rules.swpf-powers.Item.YTQsKKTbppDSFgBx]"
        },
        {
            "id": "warriors-gift",
            "referenceId": "@UUID[Compendium.swpf-core-rules.swpf-powers.Item.ZRf0VSWGqP4uRVZl]"
        },
        {
            "id": "glow",
            "referenceId": "@UUID[Compendium.swpf-core-rules.swpf-rules.JournalEntry.swpfcore05powers.JournalEntryPage.05powermodifie00]"
        },
        {
            "id": "shroud",
            "referenceId": "@UUID[Compendium.swpf-core-rules.swpf-rules.JournalEntry.swpfcore05powers.JournalEntryPage.05powermodifie00]"
        },
        {
            "id": "hinder",
            "referenceId": "@UUID[Compendium.swpf-core-rules.swpf-rules.JournalEntry.swpfcore05powers.JournalEntryPage.05powermodifie00]"
        },
        {
            "id": "hurry",
            "referenceId": "@UUID[Compendium.swpf-core-rules.swpf-rules.JournalEntry.swpfcore05powers.JournalEntryPage.05powermodifie00]"
        },
        {
            "id": "sanctuary",
            "referenceId": "@UUID[Compendium.swpf-core-rules.swpf-powers.Item.sZehAgoPVPZE2mEC]"
        },
        {
            "id": "shape-change",
            "referenceId": "@UUID[Compendium.swpf-core-rules.swpf-powers.Item.rB1U38hCiB7tkD1e]"
        }
    ]
}