{
    "module":"swade-core-rules",
    "map":[
        {
            "id": "shaken",
            "referenceId": "@UUID[Compendium.swade-core-rules.swade-rules.swadecor03rules0.JournalEntryPage.03damageeffect00#shaken]"
        },
        {
            "id": "incapacitated",
            "referenceId": "@UUID[Compendium.swade-core-rules.swade-rules.swadecor03rules0.JournalEntryPage.03damageeffect00#incapacitation]"
        },
        {
            "id": "defeated",
            "referenceId": "@UUID[Compendium.swade-core-rules.swade-rules.swadecor03rules0.JournalEntryPage.03damageeffect00#incapacitation]"
        },
        {
            "id": "aiming",
            "referenceId": "@UUID[Compendium.swade-core-rules.swade-rules.swadecor03rules0.JournalEntryPage.03aim00000000000#aim]"
        },
        {
            "id": "berserk",
            "referenceId": "@UUID[Compendium.swade-core-rules.swade-edges.Xv6TAc0VcnkEqt20]"
        },
        {
            "id": "wild-attack",
            "referenceId": "@UUID[Compendium.swade-core-rules.swade-rules.JournalEntry.swadecor03rules0.JournalEntryPage.03wildattack0000]"
        },
        {
            "id": "defending",
            "referenceId": "@UUID[Compendium.swade-core-rules.swade-rules.swadecor03rules0.JournalEntryPage.03defend00000000#defend]"
        },
        {
            "id": "flying",
            "referenceId": "@UUID[Compendium.swade-core-rules.swade-specialabilities.bvNxxTm14d8tD9aF]"
        },
        {
            "id": "holding",
            "referenceId": "@UUID[Compendium.swade-core-rules.swade-rules.swadecor03rules0.JournalEntryPage.03hold0000000000#hold]"
        },
        {
            "id": "conviction",
            "referenceId": "@UUID[Compendium.swade-core-rules.swade-rules.swadecor04theadv.JournalEntryPage.04conviction0000#conviction]"
        },
        {
            "id": "bound",
            "referenceId": "@UUID[Compendium.swade-core-rules.swade-rules.swadecor03rules0.JournalEntryPage.03boundandenta00#bound-and-entangled]"
        },
        {
            "id": "entangled",
            "referenceId": "@UUID[Compendium.swade-core-rules.swade-rules.swadecor03rules0.JournalEntryPage.03boundandenta00#bound-and-entangled]"
        },
        {
            "id": "frightened",
            "referenceId": "@UUID[Compendium.swade-core-rules.swade-rules.swadecor04theadv.JournalEntryPage.04fear0000000000#fear]"
        },
        {
            "id": "distracted",
            "referenceId": "@UUID[Compendium.swade-core-rules.swade-rules.swadecor03rules0.JournalEntryPage.03distractedan00#distracted-and-vulnerable]"
        },
        {
            "id": "vulnerable",
            "referenceId": "@UUID[Compendium.swade-core-rules.swade-rules.swadecor03rules0.JournalEntryPage.03distractedan00#distracted-and-vulnerable]"
        },
        {
            "id": "the-drop",
            "referenceId": "@UUID[Compendium.swade-core-rules.swade-rules.swadecor03rules0.JournalEntryPage.03thedrop0000000#the-drop]"
        },
        {
            "id": "stunned",
            "referenceId": "@UUID[Compendium.swade-core-rules.swade-rules.swadecor03rules0.JournalEntryPage.03stunned0000000#stunned]"
        },
        {
            "id": "prone",
            "referenceId": "@UUID[Compendium.swade-core-rules.swade-rules.swadecor03rules0.JournalEntryPage.03prone000000000#prone]"
        },
        {
            "id": "encumbered",
            "referenceId": "@UUID[Compendium.swade-core-rules.swade-rules.swadecor02gear00.JournalEntryPage.02gearnotes00000#encumbrance]"
        },
        {
            "id": "bleeding-out",
            "referenceId": "@UUID[Compendium.swade-core-rules.swade-rules.swadecor03rules0.JournalEntryPage.03damageeffect00#incapacitation]"
        },
        {
            "id": "diseased",
            "referenceId": "@UUID[Compendium.swade-core-rules.swade-rules.swadecor04theadv.JournalEntryPage.04disease0000000#disease]"
        },
        {
            "id": "heart-attack",
            "referenceId": "@UUID[Compendium.swade-core-rules.swade-rules.swadecor04theadv.JournalEntryPage.04fear0000000000#fear-table$1]"
        },
        {
            "id": "on-fire",
            "referenceId": "@UUID[Compendium.swade-core-rules.swade-rules.swadecor04theadv.JournalEntryPage.04fire0000000000#fire]"
        },
        {
            "id": "poisoned",
            "referenceId": "@UUID[Compendium.swade-core-rules.swade-rules.swadecor04theadv.JournalEntryPage.04poison00000000#poison]"
        },
        {
            "id": "shield",
            "referenceId": "@UUID[Compendium.swade-core-rules.swade-rules.swadecor02gear00.JournalEntryPage.02shields0000000#shields]"
        },
        {
            "id": "cover",
            "referenceId": "@UUID[Compendium.swade-core-rules.swade-rules.swadecor03rules0.JournalEntryPage.03coverandobst00#cover-and-obstacles]"
        },
        {
            "id": "reach",
            "referenceId": "@UUID[Compendium.swade-core-rules.swade-rules.swadecor02gear00.JournalEntryPage.02reach000000000#reach]"
        },
        {
            "id": "torch",
            "referenceId": "@UUID[Compendium.swade-core-rules.swade-rules.swadecor03rules0.JournalEntryPage.03illumination00#illumination]"
        },
        {
            "id": "invisible",
            "referenceId": "@UUID[Compendium.swade-core-rules.swade-powers.iS3duGwyTywaMOF7]"
        },
        {
            "id": "cold-bodied",
            "referenceId": "@UUID[Compendium.swade-core-rules.swade-rules.swadecor06bestia.JournalEntryPage.06specialabili18#infravision]"
        },
        {
            "id": "blind",
            "referenceId": "@UUID[Compendium.swade-core-rules.swade-powers.GxPhaUI4jQtFiXIr]"
        },
        {
            "id": "smite",
            "referenceId": "@UUID[Compendium.swade-core-rules.swade-powers.AlGYtSZmjUDRfUGM]"
        },
        {
            "id": "protection",
            "referenceId": "@UUID[Compendium.swade-core-rules.swade-powers.9Ia8jJNOCy0z7yXn]"
        },
        {
            "id": "boost",
            "referenceId": "@UUID[Compendium.swade-core-rules.swade-powers.FSwGNyzYvYRMhOkV]"
        },
        {
            "id": "lower",
            "referenceId": "@UUID[Compendium.swade-core-rules.swade-powers.FSwGNyzYvYRMhOkV]"
        }
    ]
}