{
    "system": "swade",
    "priority": 0,
    "map": [
        {
            "id": "shaken",
            "name": "SWADE.Shaken",
            "img": "modules/succ/assets/icons/0-shaken.svg"
        },
        {
            "id": "incapacitated",
            "name": "SWADE.Incap",
            "img": "modules/succ/assets/icons/3-incapacitated.svg",
            "options": {
                "markIncapacitated": true,
                "overlay": true
            }
        },
        {
            "id": "dead",
            "name": "COMBAT.CombatantDefeated",
            "img": "modules/succ/assets/icons/3-dead.svg",
            "options": {
                "markDefeated": true,
                "overlay": true
            }
        },
        {
            "id": "aiming",
            "name": "SWADE.Aiming",
            "img": "modules/succ/assets/icons/1-aiming.svg",
            "activeEffect": {
                "flags": {
                    "swade": {
                        "expiration": 1
                    }
                },
                "duration": {
                    "rounds": 1
                }
            }
        },
        {
            "id": "berserk",
            "name": "SWADE.Berserk",
            "img": "modules/succ/assets/icons/1-berserking.svg"
        },
        {
            "id": "wild-attack",
            "name": "SWADE.WildAttack",
            "img": "modules/succ/assets/icons/1-wild_attack.svg"
        },
        {
            "id": "defending",
            "name": "SWADE.Defending",
            "img": "modules/succ/assets/icons/1-defending.svg"
        },
        {
            "id": "flying",
            "name": "SWADE.Flying",
            "img": "modules/succ/assets/icons/1-flying.svg",
            "referenceId": "@UUID[Compendium.swade.powers.kTZvicSOKqEr3QOk]"
        },
        {
            "id": "holding",
            "name": "SWADE.Holding",
            "img": "modules/succ/assets/icons/1-holding.svg"
        },
        {
            "id": "conviction",
            "name": "SWADE.Conv",
            "img": "modules/succ/assets/icons/1-conviction.svg",
            "activeEffect": {
                "flags": {
                    "swade": {
                        "expiration": 1
                    }
                }
            },
            "options": {
                "conviction": true
            }
        },
        {
            "id": "bound",
            "name": "SWADE.Bound",
            "img": "modules/succ/assets/icons/2b-bound.svg"
        },
        {
            "id": "entangled",
            "name": "SWADE.Entangled",
            "img": "modules/succ/assets/icons/2b-entangled.svg"
        },
        {
            "id": "frightened",
            "name": "SWADE.Frightened",
            "img": "modules/succ/assets/icons/2c-frightened.svg",
            "referenceId": "@UUID[Compendium.swade.powers.J1sBXophcEfZYrR7]"
        },
        {
            "id": "distracted",
            "name": "SWADE.Distr",
            "img": "modules/succ/assets/icons/2-distracted.svg"
        },
        {
            "id": "vulnerable",
            "name": "SWADE.Vuln",
            "img": "modules/succ/assets/icons/2-vulnerable.svg"
        },
        {
            "id": "the-drop",
            "name": "ENHANCED_CONDITIONS.Condition.TheDrop",
            "img": "modules/succ/assets/icons/2-the_drop.svg"
        },
        {
            "id": "stunned",
            "name": "SWADE.Stunned",
            "img": "modules/succ/assets/icons/2-stunned.svg",
            "referenceId": "@UUID[Compendium.swade.powers.YqwqnsbNoQQQTLt6]"
        },
        {
            "id": "prone",
            "name": "SWADE.Prone",
            "img": "modules/succ/assets/icons/2-prone.svg"
        },
        {
            "id": "encumbered",
            "name": "SWADE.Encumbered",
            "img": "modules/succ/assets/icons/2-encumbered.svg"
        },
        {
            "id": "bleeding-out",
            "name": "SWADE.BleedingOut",
            "img": "modules/succ/assets/icons/3-bleeding_out.svg",
            "options": {
                "overlay": true
            }
        },
        {
            "id": "diseased",
            "name": "SWADE.Diseased",
            "img": "modules/succ/assets/icons/3-diseased.svg"
        },
        {
            "id": "heart-attack",
            "name": "SWADE.HeartAttack",
            "img": "modules/succ/assets/icons/3-heart_attack.svg"
        },
        {
            "id": "on-fire",
            "name": "SWADE.OnFire",
            "img": "modules/succ/assets/icons/3-on_fire.svg"
        },
        {
            "id": "poisoned",
            "name": "SWADE.Poisoned",
            "img": "modules/succ/assets/icons/3-poisoned.svg"
        },
        {
            "id": "cover-shield",
            "name": "SWADE.Cover.Shield",
            "img": "modules/succ/assets/icons/4-shield.svg"
        },
        {
            "id": "cover",
            "name": "SWADE.Cover._name",
            "img": "modules/succ/assets/icons/4-cover.svg"
        },
        {
            "id": "reach",
            "name": "SWADE.Reach",
            "img": "modules/succ/assets/icons/5-reach.svg"
        },
        {
            "id": "torch",
            "name": "SWADE.Torch",
            "img": "modules/succ/assets/icons/5-torch.svg"
        },
        {
            "id": "invisible",
            "name": "EFFECT.StatusInvisible",
            "img": "modules/succ/assets/icons/m-invisible.svg",
            "referenceId": "@UUID[Compendium.swade.powers.iS3duGwyTywaMOF7]",
            "options": {
                "markInvisible": true
            }
        },
        {
            "id": "cold-bodied",
            "name": "SWADE.ColdBodied",
            "img": "modules/succ/assets/icons/m-cold_bodied.svg",
            "options": {
                "coldBodied": true
            }
        },
        {
            "id": "blind",
            "name": "EFFECT.StatusBlind",
            "img": "modules/succ/assets/icons/m-blind.svg",
            "referenceId": "@UUID[Compendium.swade.powers.GxPhaUI4jQtFiXIr]{EFFECT.StatusBlind}",
            "activeEffect": {
                "flags": {
                    "swade": {
                        "expiration": 3
                    }
                },
                "duration": {
                    "rounds": 1
                }
            }
        },
        {
            "id": "smite",
            "name": "SWADE.Smite",
            "img": "modules/succ/assets/icons/m-smite.svg",
            "referenceId": "@UUID[Compendium.swade.powers.AlGYtSZmjUDRfUGM]",
            "activeEffect": {
                "flags": {
                    "swade": {
                        "expiration": 3
                    }
                },
                "duration": {
                    "rounds": 5
                }
            },
            "options": {
                "smite": true
            }
        },
        {
            "id": "protection",
            "name": "SWADE.Protection",
            "img": "modules/succ/assets/icons/m-protection.svg",
            "referenceId": "@UUID[Compendium.swade.powers.9Ia8jJNOCy0z7yXn]",
            "options": {
                "protection": true
            }
        },
        {
            "id": "deflection",
            "name": "ENHANCED_CONDITIONS.Condition.Deflection",
            "img": "modules/succ/assets/icons/m-deflection.svg",
            "referenceId": "@UUID[Compendium.swade.powers.Item.Tvr0FZJPP3ygOl94]",
            "activeEffect": {
                "flags": {
                    "swade": {
                        "expiration": 3
                    }
                },
                "duration": {
                    "rounds": 5
                }
            },
            "options": {
                "deflection": true
            }
        },
        {
            "id": "boost",
            "name": "ENHANCED_CONDITIONS.Condition.Boost",
            "img": "modules/succ/assets/icons/m-boost.svg",
            "referenceId": "@UUID[Compendium.swade.powers.FSwGNyzYvYRMhOkV]",
            "activeEffect": {
                "flags": {
                    "swade": {
                        "expiration": 3
                    }
                },
                "duration": {
                    "rounds": 5
                }
            },
            "options": {
                "boostTrait": true
            }
        },
        {
            "id": "lower",
            "name": "ENHANCED_CONDITIONS.Condition.Lower",
            "img": "modules/succ/assets/icons/m-lower.svg",
            "referenceId": "@UUID[Compendium.swade.powers.FSwGNyzYvYRMhOkV]",
            "activeEffect": {
                "flags": {
                    "swade": {
                        "expiration": 3
                    }
                },
                "duration": {
                    "rounds": 1
                }
            },
            "options": {
                "lowerTrait": true
            }
        },
        {
            "id": "arcane-protection",
            "name": "ENHANCED_CONDITIONS.Condition.ArcaneProtection",
            "img": "modules/succ/assets/icons/m-arcane-protection.svg",
            "referenceId": "@UUID[Compendium.swade.powers.Item.YCK7uLmPENKq0Zdb]",
            "activeEffect": {
                "flags": {
                    "swade": {
                        "expiration": 3
                    }
                },
                "duration": {
                    "rounds": 5
                }
            }
        },
        {
            "id": "burrow",
            "name": "ENHANCED_CONDITIONS.Condition.Burrow",
            "img": "modules/succ/assets/icons/m-burrow.svg",
            "referenceId": "@UUID[Compendium.swade.powers.Item.cLRfMRfjBZZBQmFW]",
            "activeEffect": {
                "flags": {
                    "swade": {
                        "expiration": 3
                    }
                },
                "duration": {
                    "rounds": 5
                }
            }
        },
        {
            "id": "confusion",
            "name": "ENHANCED_CONDITIONS.Condition.Confusion",
            "img": "modules/succ/assets/icons/m-confusion.svg",
            "referenceId": "@UUID[Compendium.swade.powers.Item.Ewds3tTHCxbtl6i9]",
            "activeEffect": {
                "flags": {
                    "swade": {
                        "expiration": 2
                    }
                },
                "duration": {
                    "rounds": 1
                }
            }
        },
        {
            "id": "damage-field",
            "name": "ENHANCED_CONDITIONS.Condition.DamageField",
            "img": "modules/succ/assets/icons/m-damage-field.svg",
            "referenceId": "@UUID[Compendium.swade.powers.Item.NJViHErRJmmNKMxC]",
            "activeEffect": {
                "flags": {
                    "swade": {
                        "expiration": 3
                    }
                },
                "duration": {
                    "rounds": 5
                }
            }
        },
        {
            "id": "elemental-manipulation",
            "name": "ENHANCED_CONDITIONS.Condition.ElementalManipulation",
            "img": "modules/succ/assets/icons/m-elemental-manipulation.svg",
            "referenceId": "@UUID[Compendium.swade.powers.Item.tvkJEXvT34m8Xx9c]",
            "activeEffect": {
                "flags": {
                    "swade": {
                        "expiration": 3
                    }
                },
                "duration": {
                    "rounds": 5
                }
            }
        },
        {
            "id": "environmental-protection",
            "name": "ENHANCED_CONDITIONS.Condition.EnvironmentalProtection",
            "img": "modules/succ/assets/icons/m-environmental-protection.svg",
            "referenceId": "@UUID[Compendium.swade.powers.Item.mrY41ijR3wZgc3sQ]",
            "activeEffect": {
                "flags": {
                    "swade": {
                        "expiration": 3
                    }
                },
                "duration": {
                    "rounds": 600
                }
            }
        },
        {
            "id": "growth",
            "name": "ENHANCED_CONDITIONS.Condition.Growth",
            "img": "modules/succ/assets/icons/m-growth.svg",
            "referenceId": "@UUID[Compendium.swade.powers.Item.Uc35itYBnj3SmOde]",
            "activeEffect": {
                "flags": {
                    "swade": {
                        "expiration": 3
                    }
                },
                "duration": {
                    "rounds": 5
                }
            }
        },
        {
            "id": "shrink",
            "name": "ENHANCED_CONDITIONS.Condition.Shrink",
            "img": "modules/succ/assets/icons/m-shrink.svg",
            "referenceId": "@UUID[Compendium.swade.powers.Item.Uc35itYBnj3SmOde]",
            "activeEffect": {
                "flags": {
                    "swade": {
                        "expiration": 3
                    }
                },
                "duration": {
                    "rounds": 5
                }
            }
        },
        {
            "id": "intangibility",
            "name": "ENHANCED_CONDITIONS.Condition.Intangibility",
            "img": "modules/succ/assets/icons/m-intangibility.svg",
            "referenceId": "@UUID[Compendium.swade.powers.Item.2WMVbzAqJG5EO3hd]",
            "activeEffect": {
                "flags": {
                    "swade": {
                        "expiration": 3
                    }
                },
                "duration": {
                    "rounds": 5
                }
            }
        },
        {
            "id": "puppet",
            "name": "ENHANCED_CONDITIONS.Condition.Puppet",
            "img": "modules/succ/assets/icons/m-puppet.svg",
            "referenceId": "@UUID[Compendium.swade.powers.Item.oRef4wp8YizkFo8u]",
            "activeEffect": {
                "flags": {
                    "swade": {
                        "expiration": 3
                    }
                },
                "duration": {
                    "rounds": 5
                }
            }
        },
        {
            "id": "numb",
            "name": "ENHANCED_CONDITIONS.Condition.Numb",
            "img": "modules/succ/assets/icons/m-numb.svg",
            "referenceId": "@UUID[Compendium.swade.powers.Item.Gv4Koefqaap6qKbM]",
            "activeEffect":
            {
                "changes": [
                    {
                        "key": "system.woundsOrFatigue.ignored",
                        "value": 1,
                        "mode": 2
                    }
                ]
            }
        },
        {
            "id": "sloth",
            "name": "ENHANCED_CONDITIONS.Condition.Sloth",
            "img": "modules/succ/assets/icons/m-sloth.svg",
            "referenceId": "@UUID[Compendium.swade.powers.Item.zCMcQuzYNvkEiw1r]",
            "activeEffect": {
                "flags": {
                    "swade": {
                        "expiration": 3
                    }
                },
                "duration": {
                    "rounds": 1
                }
            }
        },
        {
            "id": "speed",
            "name": "ENHANCED_CONDITIONS.Condition.Speed",
            "img": "modules/succ/assets/icons/m-speed.svg",
            "referenceId": "@UUID[Compendium.swade.powers.Item.zCMcQuzYNvkEiw1r]",
            "activeEffect": {
                "flags": {
                    "swade": {
                        "expiration": 3
                    }
                },
                "duration": {
                    "rounds": 5
                }
            }
        },
        {
            "id": "slumber",
            "name": "ENHANCED_CONDITIONS.Condition.Slumber",
            "img": "modules/succ/assets/icons/m-slumber.svg",
            "referenceId": "@UUID[Compendium.swade.powers.Item.QElMPOZK7jJDDGCP]"
        },
        {
            "id": "silence",
            "name": "ENHANCED_CONDITIONS.Condition.Silence",
            "img": "modules/succ/assets/icons/m-silence.svg",
            "referenceId": "@UUID[Compendium.swade.powers.Item.v1LPqc5as5XoP9cg]"
        },
        {
            "id": "wall-walker",
            "name": "ENHANCED_CONDITIONS.Condition.WallWalker",
            "img": "modules/succ/assets/icons/m-wall-walker.svg",
            "referenceId": "@UUID[Compendium.swade.powers.Item.VExCzgzDejsraifN]",
            "activeEffect": {
                "flags": {
                    "swade": {
                        "expiration": 3
                    }
                },
                "duration": {
                    "rounds": 5
                }
            }
        },
        {
            "id": "warriors-gift",
            "name": "ENHANCED_CONDITIONS.Condition.WarriorsGift",
            "img": "modules/succ/assets/icons/m-warriors-gift.svg",
            "referenceId": "@UUID[Compendium.swade.powers.Item.R3CtmF3sFkFIh3UQ]",
            "activeEffect": {
                "flags": {
                    "swade": {
                        "expiration": 3
                    }
                },
                "duration": {
                    "rounds": 5
                }
            }
        },
        {
            "id": "glow",
            "name": "ENHANCED_CONDITIONS.Condition.Glow",
            "img": "modules/succ/assets/icons/m-glow.svg"
        },
        {
            "id": "shroud",
            "name": "ENHANCED_CONDITIONS.Condition.Shroud",
            "img": "modules/succ/assets/icons/m-shroud.svg"
        },
        {
            "id": "hinder",
            "name": "ENHANCED_CONDITIONS.Condition.Hinder",
            "img": "modules/succ/assets/icons/m-hinder.svg"
        },
        {
            "id": "hurry",
            "name": "ENHANCED_CONDITIONS.Condition.Hurry",
            "img": "modules/succ/assets/icons/m-hurry.svg"
        },
        {
            "id": "sanctuary",
            "name": "ENHANCED_CONDITIONS.Condition.Sanctuary",
            "img": "modules/succ/assets/icons/m-sanctuary.svg",
            "activeEffect": {
                "flags": {
                    "swade": {
                        "expiration": 3
                    }
                },
                "duration": {
                    "rounds": 5
                }
            }
        },
        {
            "id": "feather-fall",
            "name": "ENHANCED_CONDITIONS.Condition.FeatherFall",
            "img": "modules/succ/assets/icons/m-feather-fall.svg",
            "activeEffect": {
                "flags": {
                    "swade": {
                        "expiration": 3
                    }
                },
                "duration": {
                    "rounds": 5
                }
            }
        },
        {
            "id": "ammo-whammy",
            "name": "ENHANCED_CONDITIONS.Condition.AmmoWhammy",
            "img": "modules/succ/assets/icons/m-ammo-whammy.svg",
            "activeEffect": {
                "flags": {
                    "swade": {
                        "expiration": 3
                    }
                },
                "duration": {
                    "rounds": 5
                }
            }
        },
        {
            "id": "holy-symbol",
            "name": "ENHANCED_CONDITIONS.Condition.HolySymbol",
            "img": "modules/succ/assets/icons/m-holy-symbol.svg",
            "activeEffect": {
                "flags": {
                    "swade": {
                        "expiration": 3
                    }
                },
                "duration": {
                    "rounds": 5
                }
            }
        },
        {
            "id": "let-the-devil-out",
            "name": "ENHANCED_CONDITIONS.Condition.LetTheDevilOut",
            "img": "modules/succ/assets/icons/let-the-devil-out.svg",
            "activeEffect": {
                "flags": {
                    "swade": {
                        "expiration": 3
                    }
                },
                "duration": {
                    "rounds": 5
                }
            }
        },
        {
            "id": "generic-plus",
            "name": "ENHANCED_CONDITIONS.Condition.Generic.Plus",
            "img": "modules/succ/assets/icons/g-plus.svg"
        },
        {
            "id": "generic-minus",
            "name": "ENHANCED_CONDITIONS.Condition.Generic.Minus",
            "img": "modules/succ/assets/icons/g-minus.svg"
        },
        {
            "id": "generic-red",
            "name": "ENHANCED_CONDITIONS.Condition.Generic.Red",
            "img": "modules/succ/assets/icons/g-red.svg"
        },
        {
            "id": "generic-green",
            "name": "ENHANCED_CONDITIONS.Condition.Generic.Green",
            "img": "modules/succ/assets/icons/g-green.svg"
        },
        {
            "id": "generic-blue",
            "name": "ENHANCED_CONDITIONS.Condition.Generic.Blue",
            "img": "modules/succ/assets/icons/g-blue.svg"
        },
        {
            "id": "generic-yellow",
            "name": "ENHANCED_CONDITIONS.Condition.Generic.Yellow",
            "img": "modules/succ/assets/icons/g-yellow.svg"
        },
        {
            "id": "generic-black",
            "name": "ENHANCED_CONDITIONS.Condition.Generic.Black",
            "img": "modules/succ/assets/icons/g-black.svg"
        },
        {
            "id": "generic-white",
            "name": "ENHANCED_CONDITIONS.Condition.Generic.White",
            "img": "modules/succ/assets/icons/g-white.svg"
        }
    ]
}