{
    "system": "swade",
    "swadeVersion": "3.0.4",
    "map": [
        {
            "id": "shaken",
            "name": "SWADE.Shaken",
            "icon": "modules/succ/assets/icons/0-shaken.svg"
        },
        {
            "id": "incapacitated",
            "name": "SWADE.Incap",
            "icon": "modules/succ/assets/icons/3-incapacitated.svg",
            "options": {
                "markDefeated": true,
                "overlay": true
            }
        },
        {
            "id": "aiming",
            "name": "SWADE.Aiming",
            "icon": "modules/succ/assets/icons/1-aiming.svg",
            "activeEffect": {
                "flags": {
                    "swade": {
                        "expiration": 1
                    }
                },
                "duration": {
                    "rounds": 1
                }
            }
        },
        {
            "id": "berserking",
            "name": "SWADE.Berserk",
            "icon": "modules/succ/assets/icons/1-berserking.svg"
        },
        {
            "id": "wild-attack",
            "name": "SWADE.WildAttack",
            "icon": "modules/succ/assets/icons/1-wild_attack.svg"
        },
        {
            "id": "defending",
            "name": "SWADE.Defending",
            "icon": "modules/succ/assets/icons/1-defending.svg"
        },
        {
            "id": "flying",
            "name": "SWADE.Flying",
            "icon": "modules/succ/assets/icons/1-flying.svg",
            "referenceId": "@UUID[Compendium.swade.powers.kTZvicSOKqEr3QOk]"
        },
        {
            "id": "holding",
            "name": "SWADE.Holding",
            "icon": "modules/succ/assets/icons/1-holding.svg"
        },
        {
            "id": "conviction",
            "name": "SWADE.Conv",
            "icon": "modules/succ/assets/icons/1-conviction.svg",
            "activeEffect": {
                "flags": {
                    "swade": {
                        "expiration": 1
                    }
                }
            },
            "options": {
                "conviction": true
            }
        },
        {
            "id": "bound",
            "name": "SWADE.Bound",
            "icon": "modules/succ/assets/icons/2b-bound.svg"
        },
        {
            "id": "entangled",
            "name": "SWADE.Entangled",
            "icon": "modules/succ/assets/icons/2b-entangled.svg"
        },
        {
            "id": "frightened",
            "name": "SWADE.Frightened",
            "icon": "modules/succ/assets/icons/2c-frightened.svg",
            "referenceId": "@UUID[Compendium.swade.powers.J1sBXophcEfZYrR7]"
        },
        {
            "id": "distracted",
            "name": "SWADE.Distr",
            "icon": "modules/succ/assets/icons/2-distracted.svg"
        },
        {
            "id": "vulnerable",
            "name": "SWADE.Vuln",
            "icon": "modules/succ/assets/icons/2-vulnerable.svg"
        },
        {
            "id": "the-drop",
            "name": "ENHANCED_CONDITIONS.Condition.TheDrop",
            "icon": "modules/succ/assets/icons/2-the_drop.svg"
        },
        {
            "id": "stunned",
            "name": "SWADE.Stunned",
            "icon": "modules/succ/assets/icons/2-stunned.svg",
            "referenceId": "@UUID[Compendium.swade.powers.YqwqnsbNoQQQTLt6]"
        },
        {
            "id": "prone",
            "name": "SWADE.Prone",
            "icon": "modules/succ/assets/icons/2-prone.svg"
        },
        {
            "id": "encumbered",
            "name": "SWADE.Encumbered",
            "icon": "modules/succ/assets/icons/2-encumbered.svg"
        },
        {
            "id": "bleeding-out",
            "name": "SWADE.BleedingOut",
            "icon": "modules/succ/assets/icons/3-bleeding_out.svg",
            "options": {
                "overlay": true
            }
        },
        {
            "id": "diseased",
            "name": "SWADE.Diseased",
            "icon": "modules/succ/assets/icons/3-diseased.svg"
        },
        {
            "id": "heart-attack",
            "name": "SWADE.HeartAttack",
            "icon": "modules/succ/assets/icons/3-heart_attack.svg"
        },
        {
            "id": "on-fire",
            "name": "SWADE.OnFire",
            "icon": "modules/succ/assets/icons/3-on_fire.svg"
        },
        {
            "id": "poisoned",
            "name": "SWADE.Poisoned",
            "icon": "modules/succ/assets/icons/3-poisoned.svg"
        },
        {
            "id": "shield",
            "name": "SWADE.Cover.Shield",
            "icon": "modules/succ/assets/icons/4-shield.svg"
        },
        {
            "id": "cover",
            "name": "SWADE.Cover._name",
            "icon": "modules/succ/assets/icons/4-cover.svg"
        },
        {
            "id": "reach",
            "name": "SWADE.Reach",
            "icon": "modules/succ/assets/icons/5-reach.svg"
        },
        {
            "id": "torch",
            "name": "SWADE.Torch",
            "icon": "modules/succ/assets/icons/5-torch.svg"
        },
        {
            "id": "invisible",
            "name": "EFFECT.StatusInvisible",
            "icon": "modules/succ/assets/icons/m-invisible.svg",
            "referenceId": "@UUID[Compendium.swade.powers.iS3duGwyTywaMOF7]",
            "options": {
                "markInvisible": true
            }
        },
        {
            "id": "cold-bodied",
            "name": "SWADE.ColdBodied",
            "icon": "modules/succ/assets/icons/m-cold_bodied.svg",
            "options": {
                "coldBodied": true
            }
        },
        {
            "id": "blind",
            "name": "EFFECT.StatusBlind",
            "icon": "modules/succ/assets/icons/m-blind.svg",
            "referenceId": "@UUID[Compendium.swade.powers.GxPhaUI4jQtFiXIr]{EFFECT.StatusBlind}",
            "activeEffect": {
                "flags": {
                    "swade": {
                        "expiration": 3
                    }
                },
                "duration": {
                    "rounds": 1
                }
            }
        },
        {
            "id": "smite",
            "name": "SWADE.Smite",
            "icon": "modules/succ/assets/icons/m-smite.svg",
            "referenceId": "@UUID[Compendium.swade.powers.AlGYtSZmjUDRfUGM]",
            "activeEffect": {
                "flags": {
                    "swade": {
                        "expiration": 3
                    }
                },
                "duration": {
                    "rounds": 5
                }
            },
            "options": {
                "smite": true
            }
        },
        {
            "id": "protection",
            "name": "SWADE.Protection",
            "icon": "modules/succ/assets/icons/m-protection.svg",
            "referenceId": "@UUID[Compendium.swade.powers.9Ia8jJNOCy0z7yXn]",
            "options": {
                "protection": true
            }
        },
        {
            "id": "boost",
            "name": "ENHANCED_CONDITIONS.Condition.Boost",
            "icon": "modules/succ/assets/icons/m-boost.svg",
            "referenceId": "@UUID[Compendium.swade.powers.FSwGNyzYvYRMhOkV]",
            "activeEffect": {
                "flags": {
                    "swade": {
                        "expiration": 3
                    }
                },
                "duration": {
                    "rounds": 5
                }
            },
            "options": {
                "boostTrait": true
            }
        },
        {
            "id": "lower",
            "name": "ENHANCED_CONDITIONS.Condition.Lower",
            "icon": "modules/succ/assets/icons/m-lower.svg",
            "referenceId": "@UUID[Compendium.swade.powers.FSwGNyzYvYRMhOkV]",
            "activeEffect": {
                "flags": {
                    "swade": {
                        "expiration": 3
                    }
                },
                "duration": {
                    "rounds": 1
                }
            },
            "options": {
                "lowerTrait": true
            }
        }
    ]
}